,#parkinglot,#parking,#cars,#photography,#streetphotography,#sunset,#car,#street,#nature,#carpark
0,1110.63,65.9,20.189999999999998,33.29,15.419999999999998,93.09,6.04,8.02,20.759999999999998,26.0
